stage,path_validity,exact_match,optimality_gap_mean,policy_ms_per_query
before,0.775,0.465,0.21504403302790398,43.94144725083606
after,0.775,0.485,0.2065546460707751,41.95623425053782
