{
  "model_type": "cnn_large",
  "hidden_dim": 512.0,
  "best_val_acc": 0.7677908937605397,
  "best_val_loss": 0.8593372121428157,
  "epochs_completed": 19.0,
  "train_samples": 56514.0,
  "val_samples": 11860.0
}