{
  "model_type": "cnn_large",
  "samples": 240.0,
  "path_validity": 0.9833333333333333,
  "exact_match": 0.7291666666666666,
  "step_accuracy": NaN,
  "optimality_gap_mean": 0.10769536489875474,
  "optimality_gap_p95": 0.7625,
  "success_under_1_5x": 0.940677966101695,
  "path_length_ratio_mean": 1.1076953648987546,
  "astar_ms_per_query": 0.1780283339030575,
  "policy_ms_per_query": 43.11613958282881,
  "speedup_astar_over_policy": 0.004129041598472746,
  "speedup_policy_over_astar": 242.18695214160132
}