{
  "model_type": "cnn_large",
  "samples": 240.0,
  "path_validity": 0.9875,
  "exact_match": 0.8083333333333333,
  "step_accuracy": NaN,
  "optimality_gap_mean": 0.05792029459192527,
  "optimality_gap_p95": 0.31282051282051254,
  "success_under_1_5x": 0.9746835443037974,
  "path_length_ratio_mean": 1.0579202945919253,
  "astar_ms_per_query": 0.18579333336674608,
  "policy_ms_per_query": 42.365657083306964,
  "speedup_astar_over_policy": 0.004385470358724895,
  "speedup_policy_over_astar": 228.0257117712584
}