{
  "samples": 600,
  "astar_ms": {
    "mean": 0.1574926671552627,
    "p50": 0.139000010676682,
    "p90": 0.23391000286210328,
    "p99": 0.44279602385358874
  },
  "policy_ms": {
    "mean": 38.58082116639707,
    "p50": 35.202249986468814,
    "p90": 54.87783000571654,
    "p99": 117.27116099587874
  },
  "astar_qps": 6349.501967695799,
  "policy_qps": 25.919614196054876,
  "model_file_size_mb": 13.487519264221191,
  "model_parameter_count": 3534280,
  "model_parameter_memory_mb_fp32": 13.482208251953125
}