{
  "model_type": "cnn_small",
  "hidden_dim": 256.0,
  "best_val_acc": 0.1366906474820144,
  "best_val_loss": 2.0772884217955228,
  "epochs_completed": 3.0,
  "train_samples": 1384.0,
  "val_samples": 278.0
}