{
  "model_type": "mlp",
  "hidden_dim": 256.0,
  "best_val_acc": 0.19424460431654678,
  "best_val_loss": 2.035143014338377,
  "epochs_completed": 3.0,
  "train_samples": 1384.0,
  "val_samples": 278.0
}