{
  "model_type": "cnn_large",
  "samples": 240.0,
  "path_validity": 0.9875,
  "exact_match": 0.7583333333333333,
  "step_accuracy": NaN,
  "optimality_gap_mean": 0.08494626564246818,
  "optimality_gap_p95": 0.5076923076923072,
  "success_under_1_5x": 0.9493670886075949,
  "path_length_ratio_mean": 1.084946265642468,
  "astar_ms_per_query": 0.2263704183860682,
  "policy_ms_per_query": 83.73544458324128,
  "speedup_astar_over_policy": 0.002703400208988366,
  "speedup_policy_over_astar": 369.90453602657965
}