{
  "model_type": "cnn_large",
  "samples": 240.0,
  "path_validity": 0.9708333333333333,
  "exact_match": 0.6708333333333333,
  "step_accuracy": NaN,
  "optimality_gap_mean": 0.17012652345270368,
  "optimality_gap_p95": 1.0,
  "success_under_1_5x": 0.8884120171673819,
  "path_length_ratio_mean": 1.1701265234527036,
  "astar_ms_per_query": 0.22583666747474734,
  "policy_ms_per_query": 49.43425458222919,
  "speedup_astar_over_policy": 0.004568424655803993,
  "speedup_policy_over_astar": 218.89383657220694
}