{
  "samples": 12032,
  "accuracy": 0.761469414893617,
  "mean_confidence": 0.7449423374850898,
  "ece": 0.020313739362965388
}