{
  "train_total_loss": [
    1.666998394203186,
    1.1868292526245117,
    1.0477670108795165,
    0.9741176870346069,
    0.9293584199905396,
    0.8950358889579773,
    0.874560135269165,
    0.8664003290176392,
    0.8510357535362244,
    0.8456233254432678,
    0.8542300136566162,
    0.8295565716743469,
    0.8212429159164428,
    0.8164134450912476,
    0.8139289356231689,
    0.810278913784027,
    0.8055652335166931,
    0.790507016658783,
    0.7909543559074402,
    0.7899768450736999,
    0.7794102195739746,
    0.7754025097846985,
    0.7642955202102661,
    0.7623611013412476,
    0.763815241909027,
    0.7506297955513,
    0.7401721140861511,
    0.7359280090332031,
    0.7239875801086426,
    0.7297264136314392,
    0.716539047241211,
    0.7071796893119812,
    0.6999187735557556,
    0.6945245173454284,
    0.6915132370948791,
    0.6735941421508789,
    0.673301907157898,
    0.6714013241767883,
    0.6559754917144776,
    0.6364776970863343,
    0.6465316213607788,
    0.6335926454544067,
    0.6163849927902222,
    0.6089581225395203,
    0.6026090870857239,
    0.5870401646614075,
    0.5822963391304016,
    0.5857509980201722,
    0.5736094198226929,
    0.5555418663024903,
    0.5476324400901794,
    0.5408610000610351,
    0.5281383800029754,
    0.5198168874740601,
    0.5144152450561523,
    0.5081523077011109,
    0.4955060718536377,
    0.48351620950698854,
    0.48324520506858826,
    0.47029123916625976,
    0.46389154057502746,
    0.44399808340072633,
    0.44098876342773435,
    0.4249572483062744,
    0.41527370915412903,
    0.41807029309272764,
    0.4013659119129181,
    0.3948406126022339,
    0.40193575558662414,
    0.3775568877220154,
    0.3721694221019745,
    0.3556447313308716,
    0.35358802156448366,
    0.3475060200691223,
    0.33476589074134827,
    0.34158734686374664,
    0.3250185061454773,
    0.3128606430053711,
    0.3002083294391632,
    0.30521758823394773,
    0.29766786603927614,
    0.2813878604412079,
    0.2694741164445877,
    0.2683131311893463,
    0.26761975135803223,
    0.24607369315624236,
    0.23906501045227052,
    0.25088938422203066,
    0.23484697504043578,
    0.2213119906425476,
    0.2203088287115097,
    0.22052580699920654,
    0.2429006748199463,
    0.19773364815711975,
    0.2110040064096451,
    0.17392329909801482,
    0.18743989939689637,
    0.18277852683067322,
    0.19593158695697785,
    0.19519270071983338
  ],
  "val_total_loss": [
    1.3673901063379343,
    1.133018913556,
    1.0638025084775176,
    1.0811723369947621,
    0.9577105260536399,
    0.9413708651416891,
    0.9399894878897869,
    0.9181065378512677,
    0.945459151008523,
    0.9784603249400893,
    0.8940703789494865,
    0.9136861266613617,
    0.9207955553040157,
    0.8929039501655422,
    0.8862988274167656,
    0.8810765886734145,
    0.8890343074914588,
    0.885954392017384,
    0.8824849733164613,
    0.8854532757733451,
    0.8829245355156716,
    0.872517330393138,
    0.8847716321713183,
    0.8801236003064926,
    0.8907027361334973,
    0.8808014224952375,
    0.8779635524780284,
    0.8877861585262948,
    0.8905459130314034,
    0.8727249695457966,
    0.8718167370931745,
    0.8649218498363079,
    0.8728528618049377,
    0.8740494235987547,
    0.8738380490436138,
    0.883690682706088,
    0.8950300885223701,
    0.9090516071160838,
    0.8785458088836963,
    0.8978523199903217,
    0.9401237009124169,
    0.918994399939548,
    0.9164269819912929,
    0.9074784206672454,
    0.9271636472468797,
    0.9337874422763283,
    0.9656762974515615,
    0.9483651131887595,
    0.9674093155488467,
    0.9420719098647944,
    0.9426490558399586,
    0.9810084122854372,
    0.9971395682891718,
    1.0687853612301443,
    1.055838687090196,
    1.0088532373938761,
    1.0654638933921745,
    1.0614232159149326,
    1.0674655651924094,
    1.0908956387284166,
    1.0497835541809415,
    1.0938092548776985,
    1.1316686811428827,
    1.105633794803473,
    1.178919863456648,
    1.1726818100743654,
    1.1946402115797417,
    1.239551498474751,
    1.2091356227400971,
    1.2365565521311057,
    1.2097995920004216,
    1.2581861824293294,
    1.3015731783743552,
    1.3140230878672434,
    1.2915717964746278,
    1.323413440650007,
    1.3925298941578053,
    1.414778398872185,
    1.4151423059871346,
    1.4327493403083078,
    1.463861212153441,
    1.457603614705778,
    1.474435215570252,
    1.503913194742459,
    1.5236619784187875,
    1.5949225949264214,
    1.6133501995998827,
    1.590371272475405,
    1.6507040965877635,
    1.6991233355562452,
    1.773803314997811,
    1.8403531662480626,
    1.7790371217739873,
    1.7730617952102583,
    1.771919415641228,
    1.8439641707074779,
    1.890272848279467,
    1.9393598157220857,
    1.9786296977581654,
    1.8994036960235479
  ],
  "train_action_mse": [
    1.6371149803161622,
    1.1574629997253418,
    1.0187549767494202,
    0.9446188049316406,
    0.9004929661750793,
    0.8662099737167358,
    0.8465151973724365,
    0.8390516548156738,
    0.8239086997985839,
    0.8188138079643249,
    0.8265699009895324,
    0.8047734681129456,
    0.7976982044219971,
    0.793353942489624,
    0.7910095129966735,
    0.7876587157249451,
    0.7835012590408326,
    0.7690607522010803,
    0.7698825126647949,
    0.7690336762428284,
    0.7590684511184692,
    0.7550393167495728,
    0.744317376613617,
    0.742682730770111,
    0.7437741121292114,
    0.7311487465858459,
    0.7206589924812317,
    0.716893185710907,
    0.7049583119392395,
    0.7109555819511414,
    0.6980575624465942,
    0.6890857019424439,
    0.6814826578140258,
    0.6763743457794189,
    0.6732204125404357,
    0.6556097951889038,
    0.6552829767227173,
    0.6538839890480042,
    0.6381781436920166,
    0.61899602394104,
    0.6289396829605103,
    0.6161323436737061,
    0.5991831561088562,
    0.5915338143348694,
    0.5854852711677552,
    0.5694929799079895,
    0.5651220542907714,
    0.5685662541389466,
    0.5566713973999023,
    0.5387391872406005,
    0.5307629500389099,
    0.5237638672351838,
    0.5111872902393341,
    0.5028921540260315,
    0.49741183099746705,
    0.49126830530166626,
    0.47865783867836,
    0.4666200336456299,
    0.4663025543212891,
    0.453305322265625,
    0.4470395004272461,
    0.4271706666946411,
    0.4241995558261871,
    0.40822276034355165,
    0.39844213490486147,
    0.4013244152069092,
    0.3841992245197296,
    0.3782112769126892,
    0.3852787579774857,
    0.3606997951030731,
    0.35552826771736146,
    0.3389158447742462,
    0.33674450674057005,
    0.3307220853328705,
    0.3177839292049408,
    0.32480864033699036,
    0.30838908672332765,
    0.29618849062919617,
    0.2835674971580505,
    0.2885389614582062,
    0.2810133343696594,
    0.26441681809425355,
    0.2525836864471436,
    0.25142326574325563,
    0.2507828274250031,
    0.22920620951652526,
    0.2224571211338043,
    0.23418916387557984,
    0.21792560315132142,
    0.2046333071231842,
    0.2037090167760849,
    0.20380857315063478,
    0.22625953941345214,
    0.18109890875816345,
    0.19414610600471496,
    0.1573215850353241,
    0.17080505080223082,
    0.16617384412288666,
    0.17933621237277986,
    0.17850596053600312
  ],